pokemon_id,pokemon_name,height,weight,base_experience,hp,attack,defense,special-attack,special-defense,speed
1,bulbasaur,7,69,64,45,49,49,65,65,45
2,ivysaur,10,130,142,60,62,63,80,80,60
3,venusaur,20,1000,263,80,82,83,100,100,80
4,charmander,6,85,62,39,52,43,60,50,65
5,charmeleon,11,190,142,58,64,58,80,65,80
6,charizard,17,905,267,78,84,78,109,85,100
7,squirtle,5,90,63,44,48,65,50,64,43
8,wartortle,10,225,142,59,63,80,65,80,58
9,blastoise,16,855,265,79,83,100,85,105,78
10,caterpie,3,29,39,45,30,35,20,20,45
11,metapod,7,99,72,50,20,55,25,25,30
12,butterfree,11,320,198,60,45,50,90,80,70
13,weedle,3,32,39,40,35,30,20,20,50
14,kakuna,6,100,72,45,25,50,25,25,35
15,beedrill,10,295,178,65,90,40,45,80,75
16,pidgey,3,18,50,40,45,40,35,35,56
17,pidgeotto,11,300,122,63,60,55,50,50,71
18,pidgeot,15,395,216,83,80,75,70,70,101
19,rattata,3,35,51,30,56,35,25,35,72
20,raticate,7,185,145,55,81,60,50,70,97
21,spearow,3,20,52,40,60,30,31,31,70
22,fearow,12,380,155,65,90,65,61,61,100
23,ekans,20,69,58,35,60,44,40,54,55
24,arbok,35,650,157,60,95,69,65,79,80
25,pikachu,4,60,112,35,55,40,50,50,90
26,raichu,8,300,243,60,90,55,90,80,110
27,sandshrew,6,120,60,50,75,85,20,30,40
28,sandslash,10,295,158,75,100,110,45,55,65
29,nidoran-f,4,70,55,55,47,52,40,40,41
30,nidorina,8,200,128,70,62,67,55,55,56
31,nidoqueen,13,600,253,90,92,87,75,85,76
32,nidoran-m,5,90,55,46,57,40,40,40,50
33,nidorino,9,195,128,61,72,57,55,55,65
34,nidoking,14,620,253,81,102,77,85,75,85
35,clefairy,6,75,113,70,45,48,60,65,35
36,clefable,13,400,242,95,70,73,95,90,60
37,vulpix,6,99,60,38,41,40,50,65,65
38,ninetales,11,199,177,73,76,75,81,100,100
39,jigglypuff,5,55,95,115,45,20,45,25,20
40,wigglytuff,10,120,218,140,70,45,85,50,45
41,zubat,8,75,49,40,45,35,30,40,55
42,golbat,16,550,159,75,80,70,65,75,90
43,oddish,5,54,64,45,50,55,75,65,30
44,gloom,8,86,138,60,65,70,85,75,40
45,vileplume,12,186,245,75,80,85,110,90,50
46,paras,3,54,57,35,70,55,45,55,25
47,parasect,10,295,142,60,95,80,60,80,30
48,venonat,10,300,61,60,55,50,40,55,45
49,venomoth,15,125,158,70,65,60,90,75,90
50,diglett,2,8,53,10,55,25,35,45,95
51,dugtrio,7,333,149,35,100,50,50,70,120
52,meowth,4,42,58,40,45,35,40,40,90
53,persian,10,320,154,65,70,60,65,65,115
54,psyduck,8,196,64,50,52,48,65,50,55
55,golduck,17,766,175,80,82,78,95,80,85
56,mankey,5,280,61,40,80,35,35,45,70
57,primeape,10,320,159,65,105,60,60,70,95
58,growlithe,7,190,70,55,70,45,70,50,60
59,arcanine,19,1550,194,90,110,80,100,80,95
60,poliwag,6,124,60,40,50,40,40,40,90
61,poliwhirl,10,200,135,65,65,65,50,50,90
62,poliwrath,13,540,255,90,95,95,70,90,70
63,abra,9,195,62,25,20,15,105,55,90
64,kadabra,13,565,140,40,35,30,120,70,105
65,alakazam,15,480,250,55,50,45,135,95,120
66,machop,8,195,61,70,80,50,35,35,35
67,machoke,15,705,142,80,100,70,50,60,45
68,machamp,16,1300,253,90,130,80,65,85,55
69,bellsprout,7,40,60,50,75,35,70,30,40
70,weepinbell,10,64,137,65,90,50,85,45,55
71,victreebel,17,155,221,80,105,65,100,70,70
72,tentacool,9,455,67,40,40,35,50,100,70
73,tentacruel,16,550,180,80,70,65,80,120,100
74,geodude,4,200,60,40,80,100,30,30,20
75,graveler,10,1050,137,55,95,115,45,45,35
76,golem,14,3000,223,80,120,130,55,65,45
77,ponyta,10,300,82,50,85,55,65,65,90
78,rapidash,17,950,175,65,100,70,80,80,105
79,slowpoke,12,360,63,90,65,65,40,40,15
80,slowbro,16,785,172,95,75,110,100,80,30
81,magnemite,3,60,65,25,35,70,95,55,45
82,magneton,10,600,163,50,60,95,120,70,70
83,farfetchd,8,150,132,52,90,55,58,62,60
84,doduo,14,392,62,35,85,45,35,35,75
85,dodrio,18,852,165,60,110,70,60,60,110
86,seel,11,900,65,65,45,55,45,70,45
87,dewgong,17,1200,166,90,70,80,70,95,70
88,grimer,9,300,65,80,80,50,40,50,25
89,muk,12,300,175,105,105,75,65,100,50
90,shellder,3,40,61,30,65,100,45,25,40
91,cloyster,15,1325,184,50,95,180,85,45,70
92,gastly,13,1,62,30,35,30,100,35,80
93,haunter,16,1,142,45,50,45,115,55,95
94,gengar,15,405,250,60,65,60,130,75,110
95,onix,88,2100,77,35,45,160,30,45,70
96,drowzee,10,324,66,60,48,45,43,90,42
97,hypno,16,756,169,85,73,70,73,115,67
98,krabby,4,65,65,30,105,90,25,25,50
99,kingler,13,600,166,55,130,115,50,50,75
100,voltorb,5,104,66,40,30,50,55,55,100
101,electrode,12,666,172,60,50,70,80,80,150
102,exeggcute,4,25,65,60,40,80,60,45,40
103,exeggutor,20,1200,186,95,95,85,125,75,55
104,cubone,4,65,64,50,50,95,40,50,35
105,marowak,10,450,149,60,80,110,50,80,45
106,hitmonlee,15,498,159,50,120,53,35,110,87
107,hitmonchan,14,502,159,50,105,79,35,110,76
108,lickitung,12,655,77,90,55,75,60,75,30
109,koffing,6,10,68,40,65,95,60,45,35
110,weezing,12,95,172,65,90,120,85,70,60
111,rhyhorn,10,1150,69,80,85,95,30,30,25
112,rhydon,19,1200,170,105,130,120,45,45,40
113,chansey,11,346,395,250,5,5,35,105,50
114,tangela,10,350,87,65,55,115,100,40,60
115,kangaskhan,22,800,172,105,95,80,40,80,90
116,horsea,4,80,59,30,40,70,70,25,60
117,seadra,12,250,154,55,65,95,95,45,85
118,goldeen,6,150,64,45,67,60,35,50,63
119,seaking,13,390,158,80,92,65,65,80,68
120,staryu,8,345,68,30,45,55,70,55,85
121,starmie,11,800,182,60,75,85,100,85,115
122,mr-mime,13,545,161,40,45,65,100,120,90
123,scyther,15,560,100,70,110,80,55,80,105
124,jynx,14,406,159,65,50,35,115,95,95
125,electabuzz,11,300,172,65,83,57,95,85,105
126,magmar,13,445,173,65,95,57,100,85,93
127,pinsir,15,550,175,65,125,100,55,70,85
128,tauros,14,884,172,75,100,95,40,70,110
129,magikarp,9,100,40,20,10,55,15,20,80
130,gyarados,65,2350,189,95,125,79,60,100,81
131,lapras,25,2200,187,130,85,80,85,95,60
132,ditto,3,40,101,48,48,48,48,48,48
133,eevee,3,65,65,55,55,50,45,65,55
134,vaporeon,10,290,184,130,65,60,110,95,65
135,jolteon,8,245,184,65,65,60,110,95,130
136,flareon,9,250,184,65,130,60,95,110,65
137,porygon,8,365,79,65,60,70,85,75,40
138,omanyte,4,75,71,35,40,100,90,55,35
139,omastar,10,350,173,70,60,125,115,70,55
140,kabuto,5,115,71,30,80,90,55,45,55
141,kabutops,13,405,173,60,115,105,65,70,80
142,aerodactyl,18,590,180,80,105,65,60,75,130
143,snorlax,21,4600,189,160,110,65,65,110,30
144,articuno,17,554,290,90,85,100,95,125,85
145,zapdos,16,526,290,90,90,85,125,90,100
146,moltres,20,600,290,90,100,90,125,85,90
147,dratini,18,33,60,41,64,45,50,50,50
148,dragonair,40,165,147,61,84,65,70,70,70
149,dragonite,22,2100,300,91,134,95,100,100,80
150,mewtwo,20,1220,340,106,110,90,154,90,130
151,mew,4,40,300,100,100,100,100,100,100
152,chikorita,9,64,64,45,49,65,49,65,45
153,bayleef,12,158,142,60,62,80,63,80,60
154,meganium,18,1005,236,80,82,100,83,100,80
155,cyndaquil,5,79,62,39,52,43,60,50,65
156,quilava,9,190,142,58,64,58,80,65,80
157,typhlosion,17,795,240,78,84,78,109,85,100
158,totodile,6,95,63,50,65,64,44,48,43
159,croconaw,11,250,142,65,80,80,59,63,58
160,feraligatr,23,888,239,85,105,100,79,83,78
161,sentret,8,60,43,35,46,34,35,45,20
162,furret,18,325,145,85,76,64,45,55,90
163,hoothoot,7,212,52,60,30,30,36,56,50
164,noctowl,16,408,158,100,50,50,86,96,70
165,ledyba,10,108,53,40,20,30,40,80,55
166,ledian,14,356,137,55,35,50,55,110,85
167,spinarak,5,85,50,40,60,40,40,40,30
168,ariados,11,335,140,70,90,70,60,70,40
169,crobat,18,750,268,85,90,80,70,80,130
170,chinchou,5,120,66,75,38,38,56,56,67
171,lanturn,12,225,161,125,58,58,76,76,67
172,pichu,3,20,41,20,40,15,35,35,60
173,cleffa,3,30,44,50,25,28,45,55,15
174,igglybuff,3,10,42,90,30,15,40,20,15
175,togepi,3,15,49,35,20,65,40,65,20
176,togetic,6,32,142,55,40,85,80,105,40
177,natu,2,20,64,40,50,45,70,45,70
178,xatu,15,150,165,65,75,70,95,70,95
179,mareep,6,78,56,55,40,40,65,45,35
180,flaaffy,8,133,128,70,55,55,80,60,45
181,ampharos,14,615,230,90,75,85,115,90,55
182,bellossom,4,58,245,75,80,95,90,100,50
183,marill,4,85,88,70,20,50,20,50,40
184,azumarill,8,285,210,100,50,80,60,80,50
185,sudowoodo,12,380,144,70,100,115,30,65,30
186,politoed,11,339,250,90,75,75,90,100,70
187,hoppip,4,5,50,35,35,40,35,55,50
188,skiploom,6,10,119,55,45,50,45,65,80
189,jumpluff,8,30,207,75,55,70,55,95,110
190,aipom,8,115,72,55,70,55,40,55,85
191,sunkern,3,18,36,30,30,30,30,30,30
192,sunflora,8,85,149,75,75,55,105,85,30
193,yanma,12,380,78,65,65,45,75,45,95
194,wooper,4,85,42,55,45,45,25,25,15
195,quagsire,14,750,151,95,85,85,65,65,35
196,espeon,9,265,184,65,65,60,130,95,110
197,umbreon,10,270,184,95,65,110,60,130,65
198,murkrow,5,21,81,60,85,42,85,42,91
199,slowking,20,795,172,95,75,80,100,110,30
200,misdreavus,7,10,87,60,60,60,85,85,85
201,unown,5,50,118,48,72,48,72,48,48
202,wobbuffet,13,285,142,190,33,58,33,58,33
203,girafarig,15,415,159,70,80,65,90,65,85
204,pineco,6,72,58,50,65,90,35,35,15
205,forretress,12,1258,163,75,90,140,60,60,40
206,dunsparce,15,140,145,100,70,70,65,65,45
207,gligar,11,648,86,65,75,105,35,65,85
208,steelix,92,4000,179,75,85,200,55,65,30
209,snubbull,6,78,60,60,80,50,40,40,30
210,granbull,14,487,158,90,120,75,60,60,45
211,qwilfish,5,39,88,65,95,85,55,55,85
212,scizor,18,1180,175,70,130,100,55,80,65
213,shuckle,6,205,177,20,10,230,10,230,5
214,heracross,15,540,175,80,125,75,40,95,85
215,sneasel,9,280,86,55,95,55,35,75,115
216,teddiursa,6,88,66,60,80,50,50,50,40
217,ursaring,18,1258,175,90,130,75,75,75,55
218,slugma,7,350,50,40,40,40,70,40,20
219,magcargo,8,550,151,60,50,120,90,80,30
220,swinub,4,65,50,50,50,40,30,30,50
221,piloswine,11,558,158,100,100,80,60,60,50
222,corsola,6,50,144,65,55,95,65,95,35
223,remoraid,6,120,60,35,65,35,65,35,65
224,octillery,9,285,168,75,105,75,105,75,45
225,delibird,9,160,116,45,55,45,65,45,75
226,mantine,21,2200,170,85,40,70,80,140,70
227,skarmory,17,505,163,65,80,140,40,70,70
228,houndour,6,108,66,45,60,30,80,50,65
229,houndoom,14,350,175,75,90,50,110,80,95
230,kingdra,18,1520,270,75,95,95,95,95,85
231,phanpy,5,335,66,90,60,60,40,40,40
232,donphan,11,1200,175,90,120,120,60,60,50
233,porygon2,6,325,180,85,80,90,105,95,60
234,stantler,14,712,163,73,95,62,85,65,85
235,smeargle,12,580,88,55,20,35,20,45,75
236,tyrogue,7,210,42,35,35,35,35,35,35
237,hitmontop,14,480,159,50,95,95,35,110,70
238,smoochum,4,60,61,45,30,15,85,65,65
239,elekid,6,235,72,45,63,37,65,55,95
240,magby,7,214,73,45,75,37,70,55,83
241,miltank,12,755,172,95,80,105,40,70,100
242,blissey,15,468,635,255,10,10,75,135,55
243,raikou,19,1780,290,90,85,75,115,100,115
244,entei,21,1980,290,115,115,85,90,75,100
245,suicune,20,1870,290,100,75,115,90,115,85
246,larvitar,6,720,60,50,64,50,45,50,41
247,pupitar,12,1520,144,70,84,70,65,70,51
248,tyranitar,20,2020,300,100,134,110,95,100,61
249,lugia,52,2160,340,106,90,130,90,154,110
250,ho-oh,38,1990,340,106,130,90,110,154,90
251,celebi,6,50,300,100,100,100,100,100,100
252,treecko,5,50,62,40,45,35,65,55,70
253,grovyle,9,216,142,50,65,45,85,65,95
254,sceptile,17,522,265,70,85,65,105,85,120
255,torchic,4,25,62,45,60,40,70,50,45
256,combusken,9,195,142,60,85,60,85,60,55
257,blaziken,19,520,265,80,120,70,110,70,80
258,mudkip,4,76,62,50,70,50,50,50,40
259,marshtomp,7,280,142,70,85,70,60,70,50
260,swampert,15,819,268,100,110,90,85,90,60
261,poochyena,5,136,56,35,55,35,30,30,35
262,mightyena,10,370,147,70,90,70,60,60,70
263,zigzagoon,4,175,56,38,30,41,30,41,60
264,linoone,5,325,147,78,70,61,50,61,100
265,wurmple,3,36,56,45,45,35,20,30,20
266,silcoon,6,100,72,50,35,55,25,25,15
267,beautifly,10,284,178,60,70,50,100,50,65
268,cascoon,7,115,72,50,35,55,25,25,15
269,dustox,12,316,173,60,50,70,50,90,65
270,lotad,5,26,44,40,30,30,40,50,30
271,lombre,12,325,119,60,50,50,60,70,50
272,ludicolo,15,550,240,80,70,70,90,100,70
273,seedot,5,40,44,40,40,50,30,30,30
274,nuzleaf,10,280,119,70,70,40,60,40,60
275,shiftry,13,596,240,90,100,60,90,60,80
276,taillow,3,23,54,40,55,30,30,30,85
277,swellow,7,198,159,60,85,60,75,50,125
278,wingull,6,95,54,40,30,30,55,30,85
279,pelipper,12,280,154,60,50,100,95,70,65
280,ralts,4,66,40,28,25,25,45,35,40
281,kirlia,8,202,97,38,35,35,65,55,50
282,gardevoir,16,484,259,68,65,65,125,115,80
283,surskit,5,17,54,40,30,32,50,52,65
284,masquerain,8,36,159,70,60,62,100,82,80
285,shroomish,4,45,59,60,40,60,40,60,35
286,breloom,12,392,161,60,130,80,60,60,70
287,slakoth,8,240,56,60,60,60,35,35,30
288,vigoroth,14,465,154,80,80,80,55,55,90
289,slaking,20,1305,252,150,160,100,95,65,100
290,nincada,5,55,53,31,45,90,30,30,40
291,ninjask,8,120,160,61,90,45,50,50,160
292,shedinja,8,12,83,1,90,45,30,30,40
293,whismur,6,163,48,64,51,23,51,23,28
294,loudred,10,405,126,84,71,43,71,43,48
295,exploud,15,840,245,104,91,63,91,73,68
296,makuhita,10,864,47,72,60,30,20,30,25
297,hariyama,23,2538,166,144,120,60,40,60,50
298,azurill,2,20,38,50,20,40,20,40,20
299,nosepass,10,970,75,30,45,135,45,90,30
300,skitty,6,110,52,50,45,45,35,35,50
301,delcatty,11,326,140,70,65,65,55,55,90
302,sableye,5,110,133,50,75,75,65,65,50
303,mawile,6,115,133,50,85,85,55,55,50
304,aron,4,600,66,50,70,100,40,40,30
305,lairon,9,1200,151,60,90,140,50,50,40
306,aggron,21,3600,265,70,110,180,60,60,50
307,meditite,6,112,56,30,40,55,40,55,60
308,medicham,13,315,144,60,60,75,60,75,80
309,electrike,6,152,59,40,45,40,65,40,65
310,manectric,15,402,166,70,75,60,105,60,105
311,plusle,4,42,142,60,50,40,85,75,95
312,minun,4,42,142,60,40,50,75,85,95
313,volbeat,7,177,151,65,73,75,47,85,85
314,illumise,6,177,151,65,47,75,73,85,85
315,roselia,3,20,140,50,60,45,100,80,65
316,gulpin,4,103,60,70,43,53,43,53,40
317,swalot,17,800,163,100,73,83,73,83,55
318,carvanha,8,208,61,45,90,20,65,20,65
319,sharpedo,18,888,161,70,120,40,95,40,95
320,wailmer,20,1300,80,130,70,35,70,35,60
321,wailord,145,3980,175,170,90,45,90,45,60
322,numel,7,240,61,60,60,40,65,45,35
323,camerupt,19,2200,161,70,100,70,105,75,40
324,torkoal,5,804,165,70,85,140,85,70,20
325,spoink,7,306,66,60,25,35,70,80,60
326,grumpig,9,715,165,80,45,65,90,110,80
327,spinda,11,50,126,60,60,60,60,60,60
328,trapinch,7,150,58,45,100,45,45,45,10
329,vibrava,11,153,119,50,70,50,50,50,70
330,flygon,20,820,260,80,100,80,80,80,100
331,cacnea,4,513,67,50,85,40,85,40,35
332,cacturne,13,774,166,70,115,60,115,60,55
333,swablu,4,12,62,45,40,60,40,75,50
334,altaria,11,206,172,75,70,90,70,105,80
335,zangoose,13,403,160,73,115,60,60,60,90
336,seviper,27,525,160,73,100,60,100,60,65
337,lunatone,10,1680,161,90,55,65,95,85,70
338,solrock,12,1540,161,90,95,85,55,65,70
339,barboach,4,19,58,50,48,43,46,41,60
340,whiscash,9,236,164,110,78,73,76,71,60
341,corphish,6,115,62,43,80,65,50,35,35
342,crawdaunt,11,328,164,63,120,85,90,55,55
343,baltoy,5,215,60,40,40,55,40,70,55
344,claydol,15,1080,175,60,70,105,70,120,75
345,lileep,10,238,71,66,41,77,61,87,23
346,cradily,15,604,173,86,81,97,81,107,43
347,anorith,7,125,71,45,95,50,40,50,75
348,armaldo,15,682,173,75,125,100,70,80,45
349,feebas,6,74,40,20,15,20,10,55,80
350,milotic,62,1620,189,95,60,79,100,125,81
351,castform,3,8,147,70,70,70,70,70,70
352,kecleon,10,220,154,60,90,70,60,120,40
353,shuppet,6,23,59,44,75,35,63,33,45
354,banette,11,125,159,64,115,65,83,63,65
355,duskull,8,150,59,20,40,90,30,90,25
356,dusclops,16,306,159,40,70,130,60,130,25
357,tropius,20,1000,161,99,68,83,72,87,51
358,chimecho,6,10,159,75,50,80,95,90,65
359,absol,12,470,163,65,130,60,75,60,75
360,wynaut,6,140,52,95,23,48,23,48,23
361,snorunt,7,168,60,50,50,50,50,50,50
362,glalie,15,2565,168,80,80,80,80,80,80
363,spheal,8,395,58,70,40,50,55,50,25
364,sealeo,11,876,144,90,60,70,75,70,45
365,walrein,14,1506,265,110,80,90,95,90,65
366,clamperl,4,525,69,35,64,85,74,55,32
367,huntail,17,270,170,55,104,105,94,75,52
368,gorebyss,18,226,170,55,84,105,114,75,52
369,relicanth,10,234,170,100,90,130,45,65,55
370,luvdisc,6,87,116,43,30,55,40,65,97
371,bagon,6,421,60,45,75,60,40,30,50
372,shelgon,11,1105,147,65,95,100,60,50,50
373,salamence,15,1026,300,95,135,80,110,80,100
374,beldum,6,952,60,40,55,80,35,60,30
375,metang,12,2025,147,60,75,100,55,80,50
376,metagross,16,5500,300,80,135,130,95,90,70
377,regirock,17,2300,290,80,100,200,50,100,50
378,regice,18,1750,290,80,50,100,100,200,50
379,registeel,19,2050,290,80,75,150,75,150,50
380,latias,14,400,300,80,80,90,110,130,110
381,latios,20,600,300,80,90,80,130,110,110
382,kyogre,45,3520,335,100,100,90,150,140,90
383,groudon,35,9500,335,100,150,140,100,90,90
384,rayquaza,70,2065,340,105,150,90,150,90,95
385,jirachi,3,11,300,100,100,100,100,100,100
386,deoxys-normal,17,608,270,50,150,50,150,50,150
387,turtwig,4,102,64,55,68,64,45,55,31
388,grotle,11,970,142,75,89,85,55,65,36
389,torterra,22,3100,236,95,109,105,75,85,56
390,chimchar,5,62,62,44,58,44,58,44,61
391,monferno,9,220,142,64,78,52,78,52,81
392,infernape,12,550,240,76,104,71,104,71,108
393,piplup,4,52,63,53,51,53,61,56,40
394,prinplup,8,230,142,64,66,68,81,76,50
395,empoleon,17,845,239,84,86,88,111,101,60
396,starly,3,20,49,40,55,30,30,30,60
397,staravia,6,155,119,55,75,50,40,40,80
398,staraptor,12,249,218,85,120,70,50,60,100
399,bidoof,5,200,50,59,45,40,35,40,31
400,bibarel,10,315,144,79,85,60,55,60,71
401,kricketot,3,22,39,37,25,41,25,41,25
402,kricketune,10,255,134,77,85,51,55,51,65
403,shinx,5,95,53,45,65,34,40,34,45
404,luxio,9,305,127,60,85,49,60,49,60
405,luxray,14,420,262,80,120,79,95,79,70
406,budew,2,12,56,40,30,35,50,70,55
407,roserade,9,145,258,60,70,65,125,105,90
408,cranidos,9,315,70,67,125,40,30,30,58
409,rampardos,16,1025,173,97,165,60,65,50,58
410,shieldon,5,570,70,30,42,118,42,88,30
411,bastiodon,13,1495,173,60,52,168,47,138,30
412,burmy,2,34,45,40,29,45,29,45,36
413,wormadam-plant,5,65,148,60,59,85,79,105,36
414,mothim,9,233,148,70,94,50,94,50,66
415,combee,3,55,49,30,30,42,30,42,70
416,vespiquen,12,385,166,70,80,102,80,102,40
417,pachirisu,4,39,142,60,45,70,45,90,95
418,buizel,7,295,66,55,65,35,60,30,85
419,floatzel,11,335,173,85,105,55,85,50,115
420,cherubi,4,33,55,45,35,45,62,53,35
421,cherrim,5,93,158,70,60,70,87,78,85
422,shellos,3,63,65,76,48,48,57,62,34
423,gastrodon,9,299,166,111,83,68,92,82,39
424,ambipom,12,203,169,75,100,66,60,66,115
425,drifloon,4,12,70,90,50,34,60,44,70
426,drifblim,12,150,174,150,80,44,90,54,80
427,buneary,4,55,70,55,66,44,44,56,85
428,lopunny,12,333,168,65,76,84,54,96,105
429,mismagius,9,44,173,60,60,60,105,105,105
430,honchkrow,9,273,177,100,125,52,105,52,71
431,glameow,5,39,62,49,55,42,42,37,85
432,purugly,10,438,158,71,82,64,64,59,112
433,chingling,2,6,57,45,30,50,65,50,45
434,stunky,4,192,66,63,63,47,41,41,74
435,skuntank,10,380,168,103,93,67,71,61,84
436,bronzor,5,605,60,57,24,86,24,86,23
437,bronzong,13,1870,175,67,89,116,79,116,33
438,bonsly,5,150,58,50,80,95,10,45,10
439,mime-jr,6,130,62,20,25,45,70,90,60
440,happiny,6,244,110,100,5,5,15,65,30
441,chatot,5,19,144,76,65,45,92,42,91
442,spiritomb,10,1080,170,50,92,108,92,108,35
443,gible,7,205,60,58,70,45,40,45,42
444,gabite,14,560,144,68,90,65,50,55,82
445,garchomp,19,950,300,108,130,95,80,85,102
446,munchlax,6,1050,78,135,85,40,40,85,5
447,riolu,7,202,57,40,70,40,35,40,60
448,lucario,12,540,184,70,110,70,115,70,90
449,hippopotas,8,495,66,68,72,78,38,42,32
450,hippowdon,20,3000,184,108,112,118,68,72,47
451,skorupi,8,120,66,40,50,90,30,55,65
452,drapion,13,615,175,70,90,110,60,75,95
453,croagunk,7,230,60,48,61,40,61,40,50
454,toxicroak,13,444,172,83,106,65,86,65,85
455,carnivine,14,270,159,74,100,72,90,72,46
456,finneon,4,70,66,49,49,56,49,61,66
457,lumineon,12,240,161,69,69,76,69,86,91
458,mantyke,10,650,69,45,20,50,60,120,50
459,snover,10,505,67,60,62,50,62,60,40
460,abomasnow,22,1355,173,90,92,75,92,85,60
461,weavile,11,340,179,70,120,65,45,85,125
462,magnezone,12,1800,268,70,70,115,130,90,60
463,lickilicky,17,1400,180,110,85,95,80,95,50
464,rhyperior,24,2828,268,115,140,130,55,55,40
465,tangrowth,20,1286,187,100,100,125,110,50,50
466,electivire,18,1386,270,75,123,67,95,85,95
467,magmortar,16,680,270,75,95,67,125,95,83
468,togekiss,15,380,273,85,50,95,120,115,80
469,yanmega,19,515,180,86,76,86,116,56,95
470,leafeon,10,255,184,65,110,130,60,65,95
471,glaceon,8,259,184,65,60,110,130,95,65
472,gliscor,20,425,179,75,95,125,45,75,95
473,mamoswine,25,2910,265,110,130,80,70,60,80
474,porygon-z,9,340,268,85,80,70,135,75,90
475,gallade,16,520,259,68,125,65,65,115,80
476,probopass,14,3400,184,60,55,145,75,150,40
477,dusknoir,22,1066,263,45,100,135,65,135,45
478,froslass,13,266,168,70,80,70,80,70,110
479,rotom,3,3,154,50,50,77,95,77,91
480,uxie,3,3,290,75,75,130,75,130,95
481,mesprit,3,3,290,80,105,105,105,105,80
482,azelf,3,3,290,75,125,70,125,70,115
483,dialga,54,6830,340,100,120,120,150,100,90
484,palkia,42,3360,340,90,120,100,150,120,100
485,heatran,17,4300,300,91,90,106,130,106,77
486,regigigas,37,4200,335,110,160,110,80,110,100
487,giratina-altered,45,7500,340,150,100,120,100,120,90
488,cresselia,15,856,300,120,70,120,75,130,85
489,phione,4,31,216,80,80,80,80,80,80
490,manaphy,3,14,270,100,100,100,100,100,100
491,darkrai,15,505,270,70,90,90,135,90,125
492,shaymin-land,2,21,270,100,100,100,100,100,100
493,arceus,32,3200,324,120,120,120,120,120,120
494,victini,4,40,300,100,100,100,100,100,100
495,snivy,6,81,62,45,45,55,45,55,63
496,servine,8,160,145,60,60,75,60,75,83
497,serperior,33,630,238,75,75,95,75,95,113
498,tepig,5,99,62,65,63,45,45,45,45
499,pignite,10,555,146,90,93,55,70,55,55
500,emboar,16,1500,238,110,123,65,100,65,65
501,oshawott,5,59,62,55,55,45,63,45,45
502,dewott,8,245,145,75,75,60,83,60,60
503,samurott,15,946,238,95,100,85,108,70,70
504,patrat,5,116,51,45,55,39,35,39,42
505,watchog,11,270,147,60,85,69,60,69,77
506,lillipup,4,41,55,45,60,45,25,45,55
507,herdier,9,147,130,65,80,65,35,65,60
508,stoutland,12,610,250,85,110,90,45,90,80
509,purrloin,4,101,56,41,50,37,50,37,66
510,liepard,11,375,156,64,88,50,88,50,106
511,pansage,6,105,63,50,53,48,53,48,64
512,simisage,11,305,174,75,98,63,98,63,101
513,pansear,6,110,63,50,53,48,53,48,64
514,simisear,10,280,174,75,98,63,98,63,101
515,panpour,6,135,63,50,53,48,53,48,64
516,simipour,10,290,174,75,98,63,98,63,101
517,munna,6,233,58,76,25,45,67,55,24
518,musharna,11,605,170,116,55,85,107,95,29
519,pidove,3,21,53,50,55,50,36,30,43
520,tranquill,6,150,125,62,77,62,50,42,65
521,unfezant,12,290,244,80,115,80,65,55,93
522,blitzle,8,298,59,45,60,32,50,32,76
523,zebstrika,16,795,174,75,100,63,80,63,116
524,roggenrola,4,180,56,55,75,85,25,25,15
525,boldore,9,1020,137,70,105,105,50,40,20
526,gigalith,17,2600,258,85,135,130,60,80,25
527,woobat,4,21,65,65,45,43,55,43,72
528,swoobat,9,105,149,67,57,55,77,55,114
529,drilbur,3,85,66,60,85,40,30,45,68
530,excadrill,7,404,178,110,135,60,50,65,88
531,audino,11,310,390,103,60,86,60,86,50
532,timburr,6,125,61,75,80,55,25,35,35
533,gurdurr,12,400,142,85,105,85,40,50,40
534,conkeldurr,14,870,253,105,140,95,55,65,45
535,tympole,5,45,59,50,50,40,50,40,64
536,palpitoad,8,170,134,75,65,55,65,55,69
537,seismitoad,15,620,255,105,95,75,85,75,74
538,throh,13,555,163,120,100,85,30,85,45
539,sawk,14,510,163,75,125,75,30,75,85
540,sewaddle,3,25,62,45,53,70,40,60,42
541,swadloon,5,73,133,55,63,90,50,80,42
542,leavanny,12,205,225,75,103,80,70,80,92
543,venipede,4,53,52,30,45,59,30,39,57
544,whirlipede,12,585,126,40,55,99,40,79,47
545,scolipede,25,2005,243,60,100,89,55,69,112
546,cottonee,3,6,56,40,27,60,37,50,66
547,whimsicott,7,66,168,60,67,85,77,75,116
548,petilil,5,66,56,45,35,50,70,50,30
549,lilligant,11,163,168,70,60,75,110,75,90
550,basculin-red-striped,10,180,161,70,92,65,80,55,98
551,sandile,7,152,58,50,72,35,35,35,65
552,krokorok,10,334,123,60,82,45,45,45,74
553,krookodile,15,963,260,95,117,80,65,70,92
554,darumaka,6,375,63,70,90,45,15,45,50
555,darmanitan-standard,13,929,168,105,140,55,30,55,95
556,maractus,10,280,161,75,86,67,106,67,60
557,dwebble,3,145,65,50,65,85,35,35,55
558,crustle,14,2000,170,70,105,125,65,75,45
559,scraggy,6,118,70,50,75,70,35,70,48
560,scrafty,11,300,171,65,90,115,45,115,58
561,sigilyph,14,140,172,72,58,80,103,80,97
562,yamask,5,15,61,38,30,85,55,65,30
563,cofagrigus,17,765,169,58,50,145,95,105,30
564,tirtouga,7,165,71,54,78,103,53,45,22
565,carracosta,12,810,173,74,108,133,83,65,32
566,archen,5,95,71,55,112,45,74,45,70
567,archeops,14,320,177,75,140,65,112,65,110
568,trubbish,6,310,66,50,50,62,40,62,65
569,garbodor,19,1073,166,80,95,82,60,82,75
570,zorua,7,125,66,40,65,40,80,40,65
571,zoroark,16,811,179,60,105,60,120,60,105
572,minccino,4,58,60,55,50,40,40,40,75
573,cinccino,5,75,165,75,95,60,65,60,115
574,gothita,4,58,58,45,30,50,55,65,45
575,gothorita,7,180,137,60,45,70,75,85,55
576,gothitelle,15,440,245,70,55,95,95,110,65
577,solosis,3,10,58,45,30,40,105,50,20
578,duosion,6,80,130,65,40,50,125,60,30
579,reuniclus,10,201,245,110,65,75,125,85,30
580,ducklett,5,55,61,62,44,50,44,50,55
581,swanna,13,242,166,75,87,63,87,63,98
582,vanillite,4,57,61,36,50,50,65,60,44
583,vanillish,11,410,138,51,65,65,80,75,59
584,vanilluxe,13,575,268,71,95,85,110,95,79
585,deerling,6,195,67,60,60,50,40,50,75
586,sawsbuck,19,925,166,80,100,70,60,70,95
587,emolga,4,50,150,55,75,60,75,60,103
588,karrablast,5,59,63,50,75,45,40,45,60
589,escavalier,10,330,173,70,135,105,60,105,20
590,foongus,2,10,59,69,55,45,55,55,15
591,amoonguss,6,105,162,114,85,70,85,80,30
592,frillish,12,330,67,55,40,50,65,85,40
593,jellicent,22,1350,168,100,60,70,85,105,60
594,alomomola,12,316,165,165,75,80,40,45,65
595,joltik,1,6,64,50,47,50,57,50,65
596,galvantula,8,143,165,70,77,60,97,60,108
597,ferroseed,6,188,61,44,50,91,24,86,10
598,ferrothorn,10,1100,171,74,94,131,54,116,20
599,klink,3,210,60,40,55,70,45,60,30
600,klang,6,510,154,60,80,95,70,85,50
601,klinklang,6,810,260,60,100,115,70,85,90
602,tynamo,2,3,55,35,55,40,45,40,60
603,eelektrik,12,220,142,65,85,70,75,70,40
604,eelektross,21,805,232,85,115,80,105,80,50
605,elgyem,5,90,67,55,55,55,85,55,30
606,beheeyem,10,345,170,75,75,75,125,95,40
607,litwick,3,31,55,50,30,55,65,55,20
608,lampent,6,130,130,60,40,60,95,60,55
609,chandelure,10,343,260,60,55,90,145,90,80
610,axew,6,180,64,46,87,60,30,40,57
611,fraxure,10,360,144,66,117,70,40,50,67
612,haxorus,18,1055,270,76,147,90,60,70,97
613,cubchoo,5,85,61,55,70,40,60,40,40
614,beartic,26,2600,177,95,130,80,70,80,50
615,cryogonal,11,1480,180,80,50,50,95,135,105
616,shelmet,4,77,61,50,40,85,40,65,25
617,accelgor,8,253,173,80,70,40,100,60,145
618,stunfisk,7,110,165,109,66,84,81,99,32
619,mienfoo,9,200,70,45,85,50,55,50,65
620,mienshao,14,355,179,65,125,60,95,60,105
621,druddigon,16,1390,170,77,120,90,60,90,48
622,golett,10,920,61,59,74,50,35,50,35
623,golurk,28,3300,169,89,124,80,55,80,55
624,pawniard,5,102,68,45,85,70,40,40,60
625,bisharp,16,700,172,65,125,100,60,70,70
626,bouffalant,16,946,172,95,110,95,40,95,55
627,rufflet,5,105,70,70,83,50,37,50,60
628,braviary,15,410,179,100,123,75,57,75,80
629,vullaby,5,90,74,70,55,75,45,65,60
630,mandibuzz,12,395,179,110,65,105,55,95,80
631,heatmor,14,580,169,85,97,66,105,66,65
632,durant,3,330,169,58,109,112,48,48,109
633,deino,8,173,60,52,65,50,45,50,38
634,zweilous,14,500,147,72,85,70,65,70,58
635,hydreigon,18,1600,300,92,105,90,125,90,98
636,larvesta,11,288,72,55,85,55,50,55,60
637,volcarona,16,460,275,85,60,65,135,105,100
638,cobalion,21,2500,290,91,90,129,90,72,108
639,terrakion,19,2600,290,91,129,90,72,90,108
640,virizion,20,2000,290,91,90,72,90,129,108
641,tornadus-incarnate,15,630,290,79,115,70,125,80,111
642,thundurus-incarnate,15,610,290,79,115,70,125,80,111
643,reshiram,32,3300,340,100,120,100,150,120,90
644,zekrom,29,3450,340,100,150,120,120,100,90
645,landorus-incarnate,15,680,300,89,125,90,115,80,101
646,kyurem,30,3250,330,125,130,90,130,90,95
647,keldeo-ordinary,14,485,290,91,72,90,129,90,108
648,meloetta-aria,6,65,270,100,77,77,128,128,90
649,genesect,15,825,300,71,120,95,120,95,99
650,chespin,4,90,63,56,61,65,48,45,38
651,quilladin,7,290,142,61,78,95,56,58,57
652,chesnaught,16,900,239,88,107,122,74,75,64
653,fennekin,4,94,61,40,45,40,62,60,60
654,braixen,10,145,143,59,59,58,90,70,73
655,delphox,15,390,240,75,69,72,114,100,104
656,froakie,3,70,63,41,56,40,62,44,71
657,frogadier,6,109,142,54,63,52,83,56,97
658,greninja,15,400,239,72,95,67,103,71,122
659,bunnelby,4,50,47,38,36,38,32,36,57
660,diggersby,10,424,148,85,56,77,50,77,78
661,fletchling,3,17,56,45,50,43,40,38,62
662,fletchinder,7,160,134,62,73,55,56,52,84
663,talonflame,12,245,175,78,81,71,74,69,126
664,scatterbug,3,25,40,38,35,40,27,25,35
665,spewpa,3,84,75,45,22,60,27,30,29
666,vivillon,12,170,185,80,52,50,90,50,89
667,litleo,6,135,74,62,50,58,73,54,72
668,pyroar,15,815,177,86,68,72,109,66,106
669,flabebe,1,1,61,44,38,39,61,79,42
670,floette,2,9,130,54,45,47,75,98,52
671,florges,11,100,248,78,65,68,112,154,75
672,skiddo,9,310,70,66,65,48,62,57,52
673,gogoat,17,910,186,123,100,62,97,81,68
674,pancham,6,80,70,67,82,62,46,48,43
675,pangoro,21,1360,173,95,124,78,69,71,58
676,furfrou,12,280,165,75,80,60,65,90,102
677,espurr,3,35,71,62,48,54,63,60,68
678,meowstic-male,6,85,163,74,48,76,83,81,104
679,honedge,8,20,65,45,80,100,35,37,28
680,doublade,8,45,157,59,110,150,45,49,35
681,aegislash-shield,17,530,250,60,50,140,50,140,60
682,spritzee,2,5,68,78,52,60,63,65,23
683,aromatisse,8,155,162,101,72,72,99,89,29
684,swirlix,4,35,68,62,48,66,59,57,49
685,slurpuff,8,50,168,82,80,86,85,75,72
686,inkay,4,35,58,53,54,53,37,46,45
687,malamar,15,470,169,86,92,88,68,75,73
688,binacle,5,310,61,42,52,67,39,56,50
689,barbaracle,13,960,175,72,105,115,54,86,68
690,skrelp,5,73,64,50,60,60,60,60,30
691,dragalge,18,815,173,65,75,90,97,123,44
692,clauncher,5,83,66,50,53,62,58,63,44
693,clawitzer,13,353,100,71,73,88,120,89,59
694,helioptile,5,60,58,44,38,33,61,43,70
695,heliolisk,10,210,168,62,55,52,109,94,109
696,tyrunt,8,260,72,58,89,77,45,45,48
697,tyrantrum,25,2700,182,82,121,119,69,59,71
698,amaura,13,252,72,77,59,50,67,63,46
699,aurorus,27,2250,104,123,77,72,99,92,58
700,sylveon,10,235,184,95,65,65,110,130,60
701,hawlucha,8,215,175,78,92,75,74,63,118
702,dedenne,2,22,151,67,58,57,81,67,101
703,carbink,3,57,100,50,50,150,50,150,50
704,goomy,3,28,60,45,50,35,55,75,40
705,sliggoo,8,175,158,68,75,53,83,113,60
706,goodra,20,1505,300,90,100,70,110,150,80
707,klefki,2,30,165,57,80,91,80,87,75
708,phantump,4,70,62,43,70,48,50,60,38
709,trevenant,15,710,166,85,110,76,65,82,56
710,pumpkaboo-average,4,50,67,49,66,70,44,55,51
711,gourgeist-average,9,125,173,65,90,122,58,75,84
712,bergmite,10,995,61,55,69,85,32,35,28
713,avalugg,20,5050,180,95,117,184,44,46,28
714,noibat,5,80,49,40,30,35,45,40,55
715,noivern,15,850,187,85,70,80,97,80,123
716,xerneas,30,2150,340,126,131,95,131,98,99
717,yveltal,58,2030,340,126,131,95,131,98,99
718,zygarde-50,50,3050,300,108,100,121,81,95,95
719,diancie,7,88,300,50,100,150,100,150,50
720,hoopa,5,90,270,80,110,60,150,130,70
721,volcanion,17,1950,300,80,110,120,130,90,70
722,rowlet,3,15,64,68,55,55,50,50,42
723,dartrix,7,160,147,78,75,75,70,70,52
724,decidueye,16,366,265,78,107,75,100,100,70
725,litten,4,43,64,45,65,40,60,40,70
726,torracat,7,250,147,65,85,50,80,50,90
727,incineroar,18,830,265,95,115,90,80,90,60
728,popplio,4,75,64,50,54,54,66,56,40
729,brionne,6,175,147,60,69,69,91,81,50
730,primarina,18,440,265,80,74,74,126,116,60
731,pikipek,3,12,53,35,75,30,30,30,65
732,trumbeak,6,148,124,55,85,50,40,50,75
733,toucannon,11,260,218,80,120,75,75,75,60
734,yungoos,4,60,51,48,70,30,30,30,45
735,gumshoos,7,142,146,88,110,60,55,60,45
736,grubbin,4,44,60,47,62,45,55,45,46
737,charjabug,5,105,140,57,82,95,55,75,36
738,vikavolt,15,450,250,77,70,90,145,75,43
739,crabrawler,6,70,68,47,82,57,42,47,63
740,crabominable,17,1800,167,97,132,77,62,67,43
741,oricorio-baile,6,34,167,75,70,70,98,70,93
742,cutiefly,1,2,61,40,45,40,55,40,84
743,ribombee,2,5,162,60,55,60,95,70,124
744,rockruff,5,92,56,45,65,40,30,40,60
745,lycanroc-midday,8,250,170,75,115,65,55,65,112
746,wishiwashi-solo,2,3,61,45,20,20,25,25,40
747,mareanie,4,80,61,50,53,62,43,52,45
748,toxapex,7,145,173,50,63,152,53,142,35
749,mudbray,10,1100,77,70,100,70,45,55,45
750,mudsdale,25,9200,175,100,125,100,55,85,35
751,dewpider,3,40,54,38,40,52,40,72,27
752,araquanid,18,820,159,68,70,92,50,132,42
753,fomantis,3,15,50,40,55,35,50,35,35
754,lurantis,9,185,168,70,105,90,80,90,45
755,morelull,2,15,57,40,35,55,65,75,15
756,shiinotic,10,115,142,60,45,80,90,100,30
757,salandit,6,48,64,48,44,40,71,40,77
758,salazzle,12,222,168,68,64,60,111,60,117
759,stufful,5,68,68,70,75,50,45,50,50
760,bewear,21,1350,175,120,125,80,55,60,60
761,bounsweet,3,32,42,42,30,38,30,38,32
762,steenee,7,82,102,52,40,48,40,48,62
763,tsareena,12,214,255,72,120,98,50,98,72
764,comfey,1,3,170,51,52,90,82,110,100
765,oranguru,15,760,172,90,60,80,90,110,60
766,passimian,20,828,172,100,120,90,40,60,80
767,wimpod,5,120,46,25,35,40,20,30,80
768,golisopod,20,1080,186,75,125,140,60,90,40
769,sandygast,5,700,64,55,55,80,70,45,15
770,palossand,13,2500,168,85,75,110,100,75,35
771,pyukumuku,3,12,144,55,60,130,30,130,5
772,type-null,19,1205,107,95,95,95,95,95,59
773,silvally,23,1005,285,95,95,95,95,95,95
774,minior-red-meteor,3,400,154,60,60,100,60,100,60
775,komala,4,199,168,65,115,65,75,95,65
776,turtonator,20,2120,170,60,78,135,91,85,36
777,togedemaru,3,33,152,65,98,63,40,73,96
778,mimikyu-disguised,2,7,167,55,90,80,50,105,96
779,bruxish,9,190,166,68,105,70,70,70,92
780,drampa,30,1850,170,78,60,85,135,91,36
781,dhelmise,39,2100,181,70,131,100,86,90,40
782,jangmo-o,6,297,60,45,55,65,45,45,45
783,hakamo-o,12,470,147,55,75,90,65,70,65
784,kommo-o,16,782,300,75,110,125,100,105,85
785,tapu-koko,18,205,285,70,115,85,95,75,130
786,tapu-lele,12,186,285,70,85,75,130,115,95
787,tapu-bulu,19,455,285,70,130,115,85,95,75
788,tapu-fini,13,212,285,70,75,115,95,130,85
789,cosmog,2,1,40,43,29,31,29,31,37
790,cosmoem,1,9999,140,43,29,131,29,131,37
791,solgaleo,34,2300,340,137,137,107,113,89,97
792,lunala,40,1200,340,137,113,89,137,107,97
793,nihilego,12,555,285,109,53,47,127,131,103
794,buzzwole,24,3336,285,107,139,139,53,53,79
795,pheromosa,18,250,285,71,137,37,137,37,151
796,xurkitree,38,1000,285,83,89,71,173,71,83
797,celesteela,92,9999,285,97,101,103,107,101,61
798,kartana,3,1,285,59,181,131,59,31,109
799,guzzlord,55,8880,285,223,101,53,97,53,43
800,necrozma,24,2300,300,97,107,101,127,89,79
801,magearna,10,805,300,80,95,115,130,115,65
802,marshadow,7,222,300,90,125,80,90,90,125
803,poipole,6,18,210,67,73,67,73,67,73
804,naganadel,36,1500,270,73,73,73,127,73,121
805,stakataka,55,8200,285,61,131,211,53,101,13
806,blacephalon,18,130,285,53,127,53,151,79,107
807,zeraora,15,445,300,88,112,75,102,80,143
808,meltan,2,80,150,46,65,65,55,35,34
809,melmetal,25,8000,300,135,143,143,80,65,34
810,grookey,3,50,62,50,65,50,40,40,65
811,thwackey,7,140,147,70,85,70,55,60,80
812,rillaboom,21,900,265,100,125,90,60,70,85
813,scorbunny,3,45,62,50,71,40,40,40,69
814,raboot,6,90,147,65,86,60,55,60,94
815,cinderace,14,330,265,80,116,75,65,75,119
816,sobble,3,40,62,50,40,40,70,40,70
817,drizzile,7,115,147,65,60,55,95,55,90
818,inteleon,19,452,265,70,85,65,125,65,120
819,skwovet,3,25,55,70,55,55,35,35,25
820,greedent,6,60,161,120,95,95,55,75,20
821,rookidee,2,18,49,38,47,35,33,35,57
822,corvisquire,8,160,128,68,67,55,43,55,77
823,corviknight,22,750,248,98,87,105,53,85,67
824,blipbug,4,80,36,25,20,20,25,45,45
825,dottler,4,195,117,50,35,80,50,90,30
826,orbeetle,4,408,253,60,45,110,80,120,90
827,nickit,6,89,49,40,28,28,47,52,50
828,thievul,12,199,159,70,58,58,87,92,90
829,gossifleur,4,22,50,40,40,60,40,60,10
830,eldegoss,5,25,161,60,50,90,80,120,60
831,wooloo,6,60,122,42,40,55,40,45,48
832,dubwool,13,430,172,72,80,100,60,90,88
833,chewtle,3,85,57,50,64,50,38,38,44
834,drednaw,10,1155,170,90,115,90,48,68,74
835,yamper,3,135,54,59,45,50,40,50,26
836,boltund,10,340,172,69,90,60,90,60,121
837,rolycoly,3,120,48,30,40,50,40,50,30
838,carkol,11,780,144,80,60,90,60,70,50
839,coalossal,28,3105,255,110,80,120,80,90,30
840,applin,2,5,52,40,40,80,40,40,20
841,flapple,3,10,170,70,110,80,95,60,70
842,appletun,4,130,170,110,85,80,100,80,30
843,silicobra,22,76,63,52,57,75,35,50,46
844,sandaconda,38,655,179,72,107,125,65,70,71
845,cramorant,8,180,166,70,85,55,85,95,85
846,arrokuda,5,10,56,41,63,40,40,30,66
847,barraskewda,13,300,172,61,123,60,60,50,136
848,toxel,4,110,48,40,38,35,54,35,40
849,toxtricity-amped,16,400,176,75,98,70,114,70,75
850,sizzlipede,7,10,61,50,65,45,50,50,45
851,centiskorch,30,1200,184,100,115,65,90,90,65
852,clobbopus,6,40,62,50,68,60,50,50,32
853,grapploct,16,390,168,80,118,90,70,80,42
854,sinistea,1,2,62,40,45,45,74,54,50
855,polteageist,2,4,178,60,65,65,134,114,70
856,hatenna,4,34,53,42,30,45,56,53,39
857,hattrem,6,48,130,57,40,65,86,73,49
858,hatterene,21,51,255,57,90,95,136,103,29
859,impidimp,4,55,53,45,45,30,55,40,50
860,morgrem,8,125,130,65,60,45,75,55,70
861,grimmsnarl,15,610,255,95,120,65,95,75,60
862,obstagoon,16,460,260,93,90,101,60,81,95
863,perrserker,8,280,154,70,110,100,50,60,50
864,cursola,10,4,179,60,95,50,145,130,30
865,sirfetchd,8,1170,177,62,135,95,68,82,65
866,mr-rime,15,582,182,80,85,75,110,100,70
867,runerigus,16,666,169,58,95,145,50,105,30
868,milcery,2,3,54,45,40,40,50,61,34
869,alcremie,3,5,173,65,60,75,110,121,64
870,falinks,30,620,165,65,100,100,70,60,75
871,pincurchin,3,10,152,48,101,95,91,85,15
872,snom,3,38,37,30,25,35,45,30,20
873,frosmoth,13,420,166,70,65,60,125,90,65
874,stonjourner,25,5200,165,100,125,135,20,20,70
875,eiscue-ice,14,890,165,75,80,110,65,90,50
876,indeedee-male,9,280,166,60,65,55,105,95,95
877,morpeko-full-belly,3,30,153,58,95,58,70,58,97
878,cufant,12,1000,66,72,80,49,40,49,40
879,copperajah,30,6500,175,122,130,69,80,69,30
880,dracozolt,18,1900,177,90,100,90,80,70,75
881,arctozolt,23,1500,177,90,100,90,90,80,55
882,dracovish,23,2150,177,90,90,100,70,80,75
883,arctovish,20,1750,177,90,90,100,80,90,55
884,duraludon,18,400,187,70,95,115,120,50,85
885,dreepy,5,20,54,28,60,30,40,30,82
886,drakloak,14,110,144,68,80,50,60,50,102
887,dragapult,30,500,300,88,120,75,100,75,142
888,zacian,28,1100,335,92,130,115,80,115,138
889,zamazenta,29,2100,335,92,130,115,80,115,138
890,eternatus,200,9500,345,140,85,95,145,95,130
891,kubfu,6,120,77,60,90,60,53,50,72
892,urshifu-single-strike,19,1050,275,100,130,100,63,60,97
893,zarude,18,700,300,105,120,105,70,95,105
894,regieleki,12,1450,290,80,100,50,100,50,200
895,regidrago,21,2000,290,200,100,50,100,50,80
896,glastrier,22,8000,290,100,145,130,65,110,30
897,spectrier,20,445,290,100,65,60,145,80,130
898,calyrex,11,77,250,100,80,80,80,80,80
899,wyrdeer,18,951,,103,105,72,105,75,65
900,kleavor,18,890,,70,135,95,45,70,85
901,ursaluna,24,2900,,130,140,105,45,80,50
902,basculegion-male,30,1100,,120,112,65,80,75,78
903,sneasler,13,430,,80,130,60,40,80,120
904,overqwil,25,605,,85,115,95,65,65,85
905,enamorus-incarnate,16,480,,74,115,70,135,80,106
906,sprigatito,4,41,,40,61,54,45,45,65
907,floragato,9,122,,61,80,63,60,63,83
908,meowscarada,15,312,,76,110,70,81,70,123
909,fuecoco,4,98,,67,45,59,63,40,36
910,crocalor,10,307,,81,55,78,90,58,49
911,skeledirge,16,3265,,104,75,100,110,75,66
912,quaxly,5,61,,55,65,45,50,45,50
913,quaxwell,12,215,,70,85,65,65,60,65
914,quaquaval,18,619,,85,120,80,85,75,85
915,lechonk,5,102,,54,45,40,35,45,35
916,oinkologne,10,1200,,110,100,75,59,80,65
917,tarountula,3,40,,35,41,45,29,40,20
918,spidops,10,165,,60,79,92,52,86,35
919,nymble,2,10,,33,46,40,21,25,45
920,lokix,10,175,,71,102,78,52,55,92
921,pawmi,3,25,,45,50,20,40,25,60
922,pawmo,4,65,,60,75,40,50,40,85
923,pawmot,9,410,,70,115,70,70,60,105
924,tandemaus,3,18,,50,50,45,40,45,75
925,maushold,3,23,,74,75,70,65,75,111
926,fidough,3,109,,37,55,70,30,55,65
927,dachsbun,5,149,,57,80,115,50,80,95
928,smoliv,3,65,,41,35,45,58,51,30
929,dolliv,6,119,,52,53,60,78,78,33
930,arboliva,14,482,,78,69,90,125,109,39
931,squawkabilly,6,24,,82,96,51,45,51,92
932,nacli,4,160,,55,55,75,35,35,25
933,naclstack,6,1050,,60,60,100,35,65,35
934,garganacl,23,2400,,100,100,130,45,90,35
935,charcadet,6,105,,40,50,40,50,40,35
936,armarouge,15,850,,85,60,100,125,80,75
937,ceruledge,16,620,,75,125,80,60,100,85
938,tadbulb,3,4,,61,31,41,59,35,45
939,bellibolt,12,1130,,109,64,91,103,83,45
940,wattrel,4,36,,40,40,35,55,40,70
941,kilowattrel,14,386,,70,70,60,105,60,125
942,maschiff,5,160,,60,78,60,40,51,51
943,mabosstiff,11,610,,80,120,90,60,70,85
944,shroodle,2,7,,40,65,35,40,35,75
945,grafaiai,7,272,,63,95,65,80,72,110
946,bramblin,6,6,,40,65,30,45,35,60
947,brambleghast,12,60,,55,115,70,80,70,90
948,toedscool,9,330,,40,40,35,50,100,70
949,toedscruel,19,580,,80,70,65,80,120,100
950,klawf,13,790,,70,100,115,35,55,75
951,capsakid,3,30,,50,62,40,62,40,50
952,scovillain,9,150,,65,108,65,108,65,75
953,rellor,2,10,,41,50,60,31,58,30
954,rabsca,3,35,,75,50,85,115,100,45
955,flittle,2,15,,30,35,30,55,30,75
956,espathra,19,900,,95,60,60,101,60,105
957,tinkatink,4,89,,50,45,45,35,64,58
958,tinkatuff,7,591,,65,55,55,45,82,78
959,tinkaton,7,1128,,85,75,77,70,105,94
960,wiglett,12,18,,10,55,25,35,25,95
961,wugtrio,12,54,,35,100,50,50,70,120
962,bombirdier,15,429,,70,103,85,60,85,82
963,finizen,13,602,,70,45,40,45,40,75
964,palafin,13,602,,100,70,72,53,62,100
965,varoom,10,350,,45,70,63,30,45,47
966,revavroom,18,1200,,80,119,90,54,67,90
967,cyclizar,16,630,,70,95,65,85,65,121
968,orthworm,25,3100,,70,85,145,60,55,65
969,glimmet,7,80,,48,35,42,105,60,60
970,glimmora,15,450,,83,55,90,130,81,86
971,greavard,6,350,,50,61,60,30,55,34
972,houndstone,20,150,,72,101,100,50,97,68
973,flamigo,16,370,,82,115,74,75,64,90
974,cetoddle,12,450,,108,68,45,30,40,43
975,cetitan,45,7000,,170,113,65,45,55,73
976,veluza,25,900,,90,102,73,78,65,70
977,dondozo,120,2200,,150,100,115,65,65,35
978,tatsugiri,3,80,,68,50,60,120,95,82
979,annihilape,12,560,,110,115,80,50,90,90
980,clodsire,18,2230,,130,75,60,45,100,20
981,farigiraf,32,1600,,120,90,70,110,70,60
982,dudunsparce,36,392,,125,100,80,85,75,55
983,kingambit,20,1200,,100,135,120,60,85,50
984,great-tusk,22,3200,,115,131,131,53,53,87
985,scream-tail,12,80,,115,65,99,65,115,111
986,brute-bonnet,12,210,,111,127,99,79,99,55
987,flutter-mane,14,40,,55,55,55,135,135,135
988,slither-wing,32,920,,85,135,79,85,105,81
989,sandy-shocks,23,600,,85,81,97,121,85,101
990,iron-treads,9,2400,,90,112,120,72,70,106
991,iron-bundle,6,110,,56,80,114,124,60,136
992,iron-hands,18,3807,,154,140,108,50,68,50
993,iron-jugulis,13,1110,,94,80,86,122,80,108
994,iron-moth,12,360,,80,70,60,140,110,110
995,iron-thorns,16,3030,,100,134,110,70,84,72
996,frigibax,5,170,,65,75,45,35,45,55
997,arctibax,8,300,,90,95,66,45,65,62
998,baxcalibur,21,2100,,115,145,92,75,86,87
999,gimmighoul,3,50,,45,30,70,75,70,10
1000,gholdengo,12,300,,87,60,95,133,91,84
1001,wo-chien,15,742,,85,85,100,95,135,70
1002,chien-pao,19,1522,,80,120,80,90,65,135
1003,ting-lu,27,6997,,155,110,125,55,80,45
1004,chi-yu,4,49,,55,80,80,135,120,100
1005,roaring-moon,20,3800,,105,139,71,55,101,119
1006,iron-valiant,14,350,,74,130,90,120,60,116
1007,koraidon,25,3030,,100,135,115,85,100,135
